ages,price,reviews,pieces,description,id,difficulty,theme,Licensed
12-Jun,29.99,2,277,Catapult into action and take back the eggs from the Piggy Trike!,75823,Average,Angry Birds™,Non-Licensed
12-Jun,19.99,2,168,Launch a flying attack and rescue the eggs from the Piggy Plane!,75822,Easy,Angry Birds™,Non-Licensed
12-Jun,12.99,11,74,Chase the piggy with lightning-fast Chuck and rescue the eggs!,75821,Easy,Angry Birds™,Non-Licensed
12+,99.99,23,1032,Explore the architecture of the United States Capitol Building!,21030,Average,Architecture,Non-Licensed
12+,79.99,14,744,Recreate the Solomon R. Guggenheim Museum® with LEGO® Architecture!,21035,Challenging,Architecture,Non-Licensed
12+,59.99,7,597,Celebrate Shanghai with this LEGO® Architecture Skyline set!,21039,Average,Architecture,Non-Licensed
12+,59.99,37,598,Celebrate New York City with this LEGO® Architecture Skyline model!,21028,Average,Architecture,Non-Licensed
12+,49.99,24,780,Recreate Buckingham Palace with LEGO® Architecture!,21029,Average,Architecture,Non-Licensed
12+,39.99,23,468,Celebrate London with this LEGO® Architecture Skyline model!,21034,Average,Architecture,Non-Licensed
12+,39.99,11,444,Celebrate Chicago with this LEGO® Architecture Skyline model!,21033,Average,Architecture,Non-Licensed
12+,39.99,14,386,Experience the grandeur of the Arc de Triomphe!,21036,Average,Architecture,Non-Licensed
12+,34.99,53,321,Build your own LEGO® interpretation of the iconic Eiffel Tower!,21019,Average,Architecture,Non-Licensed
12+,29.99,7,361,Celebrate Sydney with this LEGO® Architecture Skyline model!,21032,Easy,Architecture,Non-Licensed
10+,29.99,13,708,Build a LEGO® BrickHeadz version of yourself!,41597,Average,BrickHeadz,Non-Licensed
10+,19.99,1,234,Train a raptor with LEGO® BrickHeadz™ Owen and Blue!,41614,Easy,BrickHeadz,Non-Licensed
10+,19.99,1,160,Join Mr. Incredible and Frozone for LEGO® BrickHeadz™ crime-fighting fun!,41613,Very Easy,BrickHeadz,Non-Licensed
10+,9.99,1,149,Growl like a Wookiee with a LEGO® BrickHeadz™ construction character featuring Chewbacca!,41609,Very Easy,BrickHeadz,Non-Licensed
10+,9.99,1,141,Be a rogue with a LEGO® BrickHeadz™ construction character featuring Han Solo!,41608,Very Easy,BrickHeadz,Non-Licensed
10+,9.99,3,101,Save the universe with LEGO® BrickHeadz Iron Man MK50!,41604,Average,BrickHeadz,Non-Licensed
10+,9.99,2,105,Feel the power of Infinity with LEGO® BrickHeadz Thanos!,41605,Easy,BrickHeadz,Non-Licensed
10+,9.99,1,113,Be a legendary outlaw with LEGO® BrickHeadz Star-Lord!,41606,Easy,BrickHeadz,Non-Licensed
10+,9.99,1,136,Master the skills of a green-skinned assassin with LEGO® BrickHeadz Gamora!,41607,NA,BrickHeadz,Non-Licensed
10+,9.99,2,91,Join the Resistance with a LEGO® BrickHeadz construction character featuring Finn!,41485,Easy,BrickHeadz,Non-Licensed
10+,9.99,7,140,Say “I love you” with a LEGO® BrickHeadz™ Valentine's Bee!,40270,Easy,BrickHeadz,Non-Licensed
10+,9.99,5,143,Stand tall with LEGO® BrickHeadz Wonder Woman™!,41599,Easy,BrickHeadz,Non-Licensed
10+,9.99,3,122,Live life in the fast lane with LEGO® BrickHeadz The Flash™!,41598,Very Easy,BrickHeadz,Non-Licensed
10+,9.99,5,130,Summon the dark side with a LEGO® BrickHeadz construction character featuring Kylo Ren™!,41603,Easy,BrickHeadz,Non-Licensed
10+,9.99,3,119,Feel the Force with a LEGO® BrickHeadz construction character featuring Rey!,41602,Easy,BrickHeadz,Non-Licensed
10+,9.99,1,135,Dive in with LEGO® BrickHeadz Aquaman™!,41600,Very Easy,BrickHeadz,Non-Licensed
10+,9.99,2,108,Get an upgrade with LEGO® BrickHeadz Cyborg™,41601,Easy,BrickHeadz,Non-Licensed
10+,19.99,1,240,Travel back to the future with LEGO® BrickHeadz™ Marty McFly and Doc Brown!,41611,Easy,BrickHeadz,Non-Licensed
10+,19.99,NA,209,Join the Justice League™ with LEGO® BrickHeadz™ Tactical Batman™ and Superman™!,41610,NA,BrickHeadz,Non-Licensed
10+,9.99,4,126,Hop to it with a LEGO® BrickHeadz™ Easter Bunny!,40271,Easy,BrickHeadz,Non-Licensed
10+,9.99,7,102,Unleash your true ninja spirit with LEGO® BrickHeadz Lloyd!,41487,Easy,BrickHeadz,Non-Licensed
10+,9.99,5,89,Learn the way of the ninja with LEGO® BrickHeadz Master Wu!,41488,Very Easy,BrickHeadz,Non-Licensed
10+,9.99,6,118,Lead a LEGO® BrickHeadz ghost crew featuring Disney’s Captain Armando Salazar!,41594,Very Easy,BrickHeadz,Non-Licensed
10+,9.99,3,127,Lead the First Order with a LEGO® BrickHeadz construction character featuring Captain Phasma™,41486,Very Easy,BrickHeadz,Non-Licensed
10+,9.99,11,91,Celebrate THE LEGO® BATMAN MOVIE with a LEGO BrickHeadz Batman!,41585,Very Easy,BrickHeadz,Non-Licensed
10+,9.99,8,96,Stand your ground with your own LEGO® BrickHeadz Iron Man!,41590,Easy,BrickHeadz,Non-Licensed
10+,9.99,9,109,Treasure your own LEGO® BrickHeadz construction character featuring Disney’s Captain Jack Sparrow!,41593,Easy,BrickHeadz,Non-Licensed
10+,9.99,8,93,Have a smashing time with LEGO® BrickHeadz The Hulk!,41592,Easy,BrickHeadz,Non-Licensed
10+,9.99,10,139,Add some Disney fairytale romance with a LEGO® BrickHeadz construction character featuring Belle!,41595,Easy,BrickHeadz,Non-Licensed
10+,9.99,2,116,Bring a classic Disney tale to life with a LEGO® BrickHeadz construction character featuring Beast!,41596,Average,BrickHeadz,Non-Licensed
10+,9.99,12,151,Show off the evil trickster with LEGO® BrickHeadz The Joker™!,41588,Easy,BrickHeadz,Non-Licensed
10+,9.99,4,143,Recruit your own elite agent with LEGO® BrickHeadz Black Widow!,41591,Easy,BrickHeadz,Non-Licensed
10+,9.99,10,101,Showcase the Boy Wonder with LEGO® BrickHeadz Robin™!,41587,Very Easy,BrickHeadz,Non-Licensed
10+,9.99,9,99,Channel Batgirl™ with your own LEGO® BrickHeadz version!,41586,Easy,BrickHeadz,Non-Licensed
12-May,49.99,NA,387,Keep the crooks from escaping with the gold bars!,60175,NA,City,Non-Licensed
12-Jun,199.99,35,888,Move heavy goods across LEGO® City with the Cargo Train!,60052,Average,City,Non-Licensed
12-Jun,149.99,45,610,Get around LEGO® City fast in the High-speed Passenger Train!,60051,Average,City,Non-Licensed
12-Aug,149.99,1,1250,Haul in fresh supplies at the exploration site!,60162,Average,City,Non-Licensed
12-Jun,119.99,3,792,Sail the high seas and make a thrilling rescue!,60167,Average,City,Non-Licensed
12-Aug,119.99,6,813,Discover the secrets of the jungle with the LEGO® City explorers!,60161,Average,City,Non-Licensed
12-Jun,99.99,10,894,Throw the crooks back in jail after they break out!,60141,Easy,City,Non-Licensed
12-Jul,99.99,1,883,Head to the LEGO® City mine and dig up some gold!,60188,NA,City,Non-Licensed
12-Jun,99.99,16,919,Jump into action and save the hot dog stand… and lunch!,60110,Average,City,Non-Licensed
12-Jun,89.99,8,663,Stop the crooks from breaking their partner out of jail!,60174,Average,City,Non-Licensed
12-Jun,79.99,4,740,Load up the truck and deliver the goods!,60169,Average,City,Non-Licensed
12-May,69.99,9,561,Protect the bank and stop the crooks!,60140,Easy,City,Non-Licensed
12-Jul,59.99,3,426,Watch your step while you explore new things in the jungle!,60160,Average,City,Non-Licensed
12-May,59.99,2,303,Fly in and surprise the crooks at their hideout!,60173,Average,City,Non-Licensed
12-Jun,59.99,8,415,Perform a daring helicopter rescue before the shark gets too close!,60166,Challenging,City,Non-Licensed
12-Jun,49.99,10,374,Stop the crooks before they escape from the mobile jail!,60139,Easy,City,Non-Licensed
12-May,49.99,16,337,"Hop on, there’s so much to see with the LEGO® City bus!",60154,Easy,City,Non-Licensed
12-May,49.99,1,294,Drive in the heavy driller and start digging the cave!,60186,Average,City,Non-Licensed
12-May,39.99,10,169,Pack your city with a bunch of new people!,60153,Very Easy,City,Non-Licensed
12-May,39.99,14,294,Help Chase McCain and the police nab the crook!,60138,Average,City,Non-Licensed
12-May,39.99,2,347,Race to the rescue on land and sea!,60165,Very Easy,City,Non-Licensed
12-May,39.99,NA,297,Race after the crook and avoid the mountain rockslide!,60172,NA,City,Non-Licensed
12-Jun,39.99,5,378,Defend the mission and dodge a surprise in the jungle!,60159,Easy,City,Non-Licensed
12-May,39.99,8,257,Call the Fire Response Unit for help!,60108,Average,City,Non-Licensed
12-May,29.99,7,344,"Load up the Pickup & Caravan, it’s time for a vacation!",60182,Easy,City,Non-Licensed
12-May,29.99,7,310,Haul in the helicopter to handle the heavy lifting!,60183,Easy,City,Non-Licensed
12-May,24.99,11,214,Put out the burning oil barrel!,60107,Easy,City,Non-Licensed
12-Jun,19.99,4,192,Jump the fire and give the crowd a thrilling show!,60180,Average,City,Non-Licensed
12-May,19.99,35,249,Order a pizza to go!,60150,Easy,City,Non-Licensed
12-May,19.99,89,24,Get killer curves in your tracks!,7499,Easy,City,Non-Licensed
12-May,19.99,12,239,Gear up for the big race!,60148,Easy,City,Non-Licensed
12-May,19.99,6,190,Transport the mountain snowboarder to the hospital!,60179,Easy,City,Non-Licensed
12-May,19.99,7,174,Load the freshly cut logs with the awesome Forest Tractor!,60181,Easy,City,Non-Licensed
12-May,19.99,8,144,Catch the crook before he tows the safe away!,60137,Easy,City,Non-Licensed
12-May,19.99,1,126,Speed after the crook on an exciting river chase!,60176,Easy,City,Non-Licensed
12-May,19.99,1,127,Break up the rocks and discover the treasure inside!,60185,Easy,City,Non-Licensed
7-Apr,19.99,NA,115,Chase down the crook and recover the loot!,10751,NA,Juniors,Non-Licensed
12-May,19.99,3,141,Fly in and save the stranded sailor before he floats away!,60164,Easy,City,Non-Licensed
12-Jun,19.99,5,201,Fly into the jungle and explore the hidden temple!,60158,Average,City,Non-Licensed
12-May,15.99,47,8,"Switch tracks – build a bigger, more exciting railway track.",7895,Very Easy,City,Non-Licensed
12-May,14.99,85,2,Add roads to your LEGO® town!,7280,Very Easy,City,Non-Licensed
12-May,14.99,40,2,Roads for your LEGO® layout!,7281,Very Easy,City,Non-Licensed
12-May,9.99,2,87,Wow the crowds in the sleek Airshow Jet!,60177,Easy,City,Non-Licensed
12-May,9.99,12,88,Cruise into the jungle and make a big discovery!,60157,Easy,City,Non-Licensed
7-Apr,9.99,NA,73,Grab your shovel and get to work!,10750,NA,Juniors,Non-Licensed
12-May,9.99,4,76,Rescue the surfer and be a coast guard hero!,60163,Very Easy,City,Non-Licensed
12-May,9.99,2,88,Arrest the crooks and recover the hidden loot!,60171,NA,City,Non-Licensed
12-May,9.99,2,82,Blow up the rock pile and discover gold!,60184,Very Easy,City,Non-Licensed
12-May,9.99,1,78,Climb in the cockpit and set a new speed record!,60178,Easy,City,Non-Licensed
12-May,6.99,2,37,Catch the crook before he escapes with the loot!,60170,Very Easy,City,Non-Licensed
12-May,6.99,5,53,Explore the depths of the jungle and find something amazing!,60156,Easy,City,Non-Licensed
12-May,39.99,30,157,Fill up your city with people!,60134,Very Easy,City,Non-Licensed
12-Aug,149.99,5,1277,Help out the volcano explorers and bring in the big equipment!,60125,Average,City,Non-Licensed
12-Aug,119.99,9,824,Get busy with some serious scientific work!,60124,Average,City,Non-Licensed
12-Jun,79.99,2,412,Save the lighthouse and rescue the keeper with the Fire Boat!,60109,Easy,City,Non-Licensed
12-May,49.99,2,403,Stop the crooks from stealing their car again!,60143,NA,City,Non-Licensed
12-May,49.99,5,200,Keep the crook from escaping his boat ride to prison!,60129,Easy,City,Non-Licensed
12-Jul,49.99,3,330,Fly in the exploration gear and fly out the crystals!,60123,Easy,City,Non-Licensed
12-Jun,39.99,4,324,Bring out the heavy machinery to do exploring right!,60122,Average,City,Non-Licensed
12-Jun,29.99,14,301,Take the Ferry to your next adventure!,60119,Easy,City,Non-Licensed
12-May,29.99,NA,195,Rescue the sailor off the rocks just in time!,60168,NA,City,Non-Licensed
12-May,29.99,8,248,Celebrate 24 fun days with the LEGO® City Advent Calendar!,60155,Easy,City,Non-Licensed
12-May,24.99,13,157,Load up the Cargo Plane and get ready to fly!,60101,Easy,City,Non-Licensed
12-May,24.99,6,175,Head off-road and make the big discoveries!,60121,Easy,City,Non-Licensed
12-May,19.99,35,250,Pack up the gear; it’s time to go camping!,60117,Easy,City,Non-Licensed
12-May,19.99,7,138,Catch the crook before she gets away with the safe!,60142,Easy,City,Non-Licensed
12-May,9.99,8,80,Stop the crooks before they empty the ATM!,60136,Easy,City,Non-Licensed
12-May,9.99,8,91,Strap in and jump some ramps!,60146,Easy,City,Non-Licensed
12-May,9.99,7,81,Start your engine and race through the dunes!,60145,Very Easy,City,Non-Licensed
12-May,9.99,7,83,Explore the volcano and make an exciting discovery!,60120,Easy,City,Non-Licensed
12-May,9.99,10,81,Help get LEGO® City's mail on the helicopter!,60100,Very Easy,City,Non-Licensed
12-May,9.99,11,90,Save the dockworker and put out the blaze!,60106,Easy,City,Non-Licensed
12-May,6.99,5,47,Chase down the crook with the ATV!,60135,Very Easy,City,Non-Licensed
Apr-99,59.99,4,790,"Create all kinds of buildings with LEGO® bricks, windows and doors!",10698,Easy,Classic,Non-Licensed
Apr-99,34.99,11,484,Create your own LEGO® vehicles with LEGO Classic!,10696,Easy,Classic,Non-Licensed
Apr-99,19.99,2,213,Bring along a world of creativity in your own LEGO® Creative Suitcase!,10713,Very Easy,Classic,Non-Licensed
Apr-99,19.99,8,303,"Get ideas, get creative and get building!",10693,Easy,Classic,Non-Licensed
Apr-99,16.99,7,221,Get creative with classic LEGO® bricks in 29 different colors!,10692,Easy,Classic,Non-Licensed
Apr-99,14.99,24,1,Add another useful piece to your LEGO® collection with this Gray Baseplate!,10701,Very Easy,Classic,Non-Licensed
Apr-99,7.99,6,1,Create your own world on a Blue LEGO® Baseplate!,10714,Very Easy,Classic,Non-Licensed
Apr-99,7.99,46,1,Add another useful piece to your LEGO® collection with this Bright Green Baseplate!,10700,Very Easy,Classic,Non-Licensed
Apr-99,4.99,8,78,Unleash your imagination with the LEGO® Blue Creativity Box!,10706,Very Easy,Classic,Non-Licensed
Apr-99,4.99,5,66,Unleash your imagination with the LEGO® Green Creativity Box!,10708,Easy,Classic,Non-Licensed
Apr-99,4.99,4,55,Unleash your imagination with the LEGO® Red Creativity Box!,10707,Average,Classic,Non-Licensed
Apr-99,4.99,3,60,Unleash your imagination with the LEGO® Orange Creativity Box!,10709,Easy,Classic,Non-Licensed
4+,2.49,180,1,Everyone needs one!,630,Very Easy,Classic,Non-Licensed
Apr-99,19.99,6,303,Build whatever your heart desires with LEGO® bricks in 20 different bright colors!,10694,Easy,Classic,Non-Licensed
Apr-99,7.99,24,1,Add another useful piece to your LEGO® collection with this Sand Baseplate!,10699,Very Easy,Classic,Non-Licensed
12-Aug,69.99,11,728,Build and enjoy the delightful 3-in-1 Family Villa!,31069,Average,Creator 3-in-1,Non-Licensed
12-Sep,59.99,14,670,Get behind the wheel of the awesome 3-in-1 Turbo Track Racer!,31070,Average,Creator 3-in-1,Non-Licensed
12-Aug,39.99,4,422,Enjoy awesome activities at the 3-in-1 Modular Skate House!,31081,Average,Creator 3-in-1,Non-Licensed
12-Aug,34.99,5,379,Enjoy seaside fun with the 3-in-1 Sunshine Surfer Van set!,31079,Easy,Creator 3-in-1,Non-Licensed
12-Jul,34.99,2,374,Hit the slopes with the 3-in-1 Modular Winter Vacation set!,31080,Easy,Creator 3-in-1,Non-Licensed
12-Jul,29.99,12,285,Launch a satellite with the 3-in-1 Space Shuttle Explorer!,31066,Easy,Creator 3-in-1,Non-Licensed
12-Aug,29.99,10,386,Enjoy eco-friendly adventures with the 3-in-1 Modern Home!,31068,Average,Creator 3-in-1,Non-Licensed
12-Jul,29.99,8,356,Play all day on a 3-in-1 Poolside Holiday!,31067,Average,Creator 3-in-1,Non-Licensed
12-Jul,19.99,9,205,Have fun with the cute 3-in-1 Robo Explorer!,31062,Average,Creator 3-in-1,Non-Licensed
12-Jul,19.99,2,241,Blast off from the start line in the 3-in-1 Rocket Rally Car!,31074,Easy,Creator 3-in-1,Non-Licensed
12-Jul,19.99,1,200,Thrill the crowds with the 3-in-1 Daredevil Stunt Plane set!,31076,Average,Creator 3-in-1,Non-Licensed
12-Jul,19.99,1,225,Head into the wilds with the 3-in-1 Outback Adventures set!,31075,Easy,Creator 3-in-1,Non-Licensed
12-Jul,14.99,27,174,Enjoy roaring adventures with the 3-in-1 Mighty Dinosaurs!,31058,Easy,Creator 3-in-1,Non-Licensed
12-Jul,14.99,5,223,Create a world of scary 3-in-1 Mythical Creatures!,31073,Easy,Creator 3-in-1,Non-Licensed
12-Jun,9.99,6,122,Take an open-top drive in the cool 3-in-1 Green Cruiser!,31056,Easy,Creator 3-in-1,Non-Licensed
12-Jun,9.99,1,102,Perform cool maneuvers with the 3-in-1 Air Blazer!,31057,Easy,Creator 3-in-1,Non-Licensed
12-Jun,9.99,1,109,Be an eye in the sky with the 3-in-1 Drone Explorer!,31071,Average,Creator 3-in-1,Non-Licensed
12-Jun,9.99,NA,109,Enter the racing world with the 3-in-1 Extreme Engines set!,31072,NA,Creator 3-in-1,Non-Licensed
12-Jul,19.99,8,222,Get ready for the ultra-cool 3-in-1 Fast Car!,31046,Average,Creator 3-in-1,Non-Licensed
12-Aug,19.99,1,194,Take the 3-in-1 Sunset Street Bike for high-speed spin!,31059,Average,Creator 3-in-1,Non-Licensed
12-Aug,59.99,15,528,Meet the wildlife at the brightly lit Lighthouse Point!,31051,Average,Creator 3-in-1,Non-Licensed
12-Jul,29.99,2,359,Fly to warmer climes for 3-in-1 Island Adventures!,31064,Average,Creator 3-in-1,Non-Licensed
12-Jul,29.99,9,286,Enjoy summer adventures with the 3-in-1 Beach Hut!,31035,Easy,Creator 3-in-1,Non-Licensed
12-Jul,29.99,5,275,Enjoy the beach life with the 3-in-1 Beachside Vacation!,31063,Average,Creator 3-in-1,Non-Licensed
12-Aug,29.99,4,326,Conquer ice and snow with the 3-in-1 Twin Spin Helicopter!,31049,Average,Creator 3-in-1,Non-Licensed
12-Jul,19.99,7,230,Take a flight in the cool 3-in-1 Propeller Plane!,31047,Average,Creator 3-in-1,Non-Licensed
12-Jul,19.99,NA,246,Take the 3-in-1 Airshow Aces to town!,31060,NA,Creator 3-in-1,Non-Licensed
12-Jun,9.99,2,124,NA,31043,Easy,Creator 3-in-1,Non-Licensed
12-Jun,9.99,4,132,Airlift vital supplies with the awesome 3-in-1 Cargo Heli!,31029,Average,Creator 3-in-1,Non-Licensed
16+,169.99,62,2480,Discover a place where music is on the menu!,10260,Challenging,Creator Expert,Non-Licensed
12+,79.99,51,902,Head home for the holidays with the Winter Village Station!,10259,Average,Creator Expert,Non-Licensed
16+,199.99,53,2670,Discover the fairground’s star attraction with the Carousel!,10257,Challenging,Creator Expert,Non-Licensed
16+,199.99,91,2464,Experience the wonderful LEGO® Creator Ferris Wheel!,10247,Challenging,Creator Expert,Non-Licensed
16+,169.99,115,2382,Make a safe deposit at the Brick Bank!,10251,Challenging,Creator Expert,Non-Licensed
16+,159.99,202,2469,Have an unforgettable evening at the amazing Parisian Restaurant!,10243,Challenging,Creator Expert,Non-Licensed
16+,159.99,177,2262,Discover hidden clues and surprises at the Detective's Office!,10246,Challenging,Creator Expert,Non-Licensed
16+,139.99,53,1686,All aboard the London Bus!,10258,Average,Creator Expert,Non-Licensed
16+,119.99,337,1334,Road trips will never be the same again with the iconic 1962 Volkswagen T1 Camper Van,10220,Challenging,Creator Expert,Non-Licensed
16+,99.99,66,1167,Head for the beach with the VW Beetle!,10252,Average,Creator Expert,Non-Licensed
16+,99.99,134,1077,Take this MINI Cooper for a nostalgic drive down memory lane!,10242,Average,Creator Expert,Non-Licensed
12+,99.99,77,734,Climb aboard the magical Winter Holiday Train!,10254,Average,Creator Expert,Non-Licensed
14-Sep,129.99,13,955,Unleash the Batmobile from The Flying Fox!,76087,Average,DC Comics™ Super Heroes,Licensed
14-Aug,79.99,9,643,Launch a space mission from the Batcave!,70923,Average,THE LEGO® BATMAN MOVIE,Licensed
14-Jul,49.99,6,622,Fight for the Mother Box with Batman’s Knightcrawler!,76086,Average,DC Comics™ Super Heroes,Licensed
14-Jul,49.99,5,425,Dodge Harley Quinn’s cannonball attacks!,70921,Average,THE LEGO® BATMAN MOVIE,Licensed
14-Jul,39.99,5,406,Power up for battle against the Lex Luthor™ Mech!,76097,Average,DC Comics™ Super Heroes,Licensed
12-Jun,29.99,6,271,Pursue Reverse Flash™ and grab the Energy Infuser!,76098,Easy,DC Comics™ Super Heroes,Licensed
14-Jul,29.99,5,267,Party on with Superman™ and friends!,70919,Easy,THE LEGO® BATMAN MOVIE,Licensed
14-Jul,29.99,11,293,Join Batman™ in a comical food fight!,70920,Average,THE LEGO® BATMAN MOVIE,Licensed
7-Apr,24.99,1,151,Swoop in with Batman™ and take on the Joker™!,10753,Easy,Juniors,Non-Licensed
14-Jul,19.99,2,198,Bring down Captain Boomerang™ with Batman’s Bat-Dune Buggy!,70918,NA,THE LEGO® BATMAN MOVIE,Licensed
12-Jun,19.99,9,197,Protect the precious Mother Box from the evil Parademon™!,76085,Easy,DC Comics™ Super Heroes,Licensed
12-Jun,19.99,1,199,Help Superman™ bust out of the Kryptonite prison!,76096,Average,DC Comics™ Super Heroes,Licensed
10+,9.99,5,143,Stand tall with LEGO® BrickHeadz Wonder Woman™!,41599,Easy,BrickHeadz,Non-Licensed
10+,9.99,3,122,Live life in the fast lane with LEGO® BrickHeadz The Flash™!,41598,Very Easy,BrickHeadz,Non-Licensed
10+,9.99,1,135,Dive in with LEGO® BrickHeadz Aquaman™!,41600,Very Easy,BrickHeadz,Non-Licensed
10+,9.99,2,108,Get an upgrade with LEGO® BrickHeadz Cyborg™,41601,Easy,BrickHeadz,Non-Licensed
10+,19.99,NA,209,Join the Justice League™ with LEGO® BrickHeadz™ Tactical Batman™ and Superman™!,41610,NA,BrickHeadz,Non-Licensed
12-Aug,79.99,7,712,Train your skills and learn how to become a Super Hero!,41232,Average,DC Super Hero Girls,Licensed
12-Jul,24.99,4,206,Recover Batgirl’s ePad from the evil Kryptomite™!,41230,Easy,DC Super Hero Girls,Licensed
12-Jul,29.99,2,217,Save the super hero café from the evil Kryptomites!,41231,Average,DC Super Hero Girls,Licensed
12-Jul,14.99,2,145,Rescue Krypto™ from Lashina’s clutches!,41233,Average,DC Super Hero Girls,Licensed
12-Sep,99.99,NA,1078,Rescue The Flash™ from Eclipso’s evil plans!,41239,NA,DC Super Hero Girls,Licensed
14-Aug,79.99,11,759,Bite back against Killer Croc™ with the Bat-Tank!,76055,Average,DC Comics™ Super Heroes,Licensed
14-Jul,59.99,9,563,Help Batman™ rescue the farmer from Scarecrow™ and Killer Moth™!,76054,Easy,DC Comics™ Super Heroes,Licensed
12-Jul,59.99,NA,432,Stop Lena Luthor™ from making evil little Kryptomites!,41238,NA,DC Super Hero Girls,Licensed
12-Jul,44.99,1,351,Help Batgirl™ nab Mad Harriet™ and recover the microchip!,41237,Average,DC Super Hero Girls,Licensed
14-Jul,29.99,18,306,Intercept the Kryptonite with the armored Batmobile!,76045,Average,DC Comics™ Super Heroes,Licensed
12-Jun,29.99,7,286,Help Wonder Woman™ defeat the villainous Ares™!,76075,Easy,DC Comics™ Super Heroes,Licensed
12-Jun,29.99,8,257,Break out Robin™ from Ra's al Ghul's secret headquarters!,76056,Average,DC Comics™ Super Heroes,Licensed
12-Jun,19.99,32,174,Zoom into orbit and recover Green Lantern’s lantern!,76025,Easy,DC Comics™ Super Heroes,Licensed
12-Jul,14.99,2,142,Keep the crystals from the evil Kryptomites!,41234,Average,DC Super Hero Girls,Licensed
12-Jun,12.99,30,91,Get set for a Batman™ v Superman™ rooftop duel!,76044,Easy,DC Comics™ Super Heroes,Licensed
10+,9.99,11,91,Celebrate THE LEGO® BATMAN MOVIE with a LEGO BrickHeadz Batman!,41585,Very Easy,BrickHeadz,Non-Licensed
12-May,9.99,3,93,Stage a Kryptonite clash with Superman™ and Bizarro™!,76068,Easy,DC Comics™ Super Heroes,Licensed
10+,9.99,12,151,Show off the evil trickster with LEGO® BrickHeadz The Joker™!,41588,Easy,BrickHeadz,Non-Licensed
10+,9.99,10,101,Showcase the Boy Wonder with LEGO® BrickHeadz Robin™!,41587,Very Easy,BrickHeadz,Non-Licensed
12-May,9.99,1,83,Fly Batman™ into battle against Killer Moth™!,76069,Easy,DC Comics™ Super Heroes,Licensed
12-May,9.99,2,85,Dive into battle against Doomsday™ with Wonder Woman™!,76070,Easy,DC Comics™ Super Heroes,Licensed
10+,9.99,9,99,Channel Batgirl™ with your own LEGO® BrickHeadz version!,41586,Easy,BrickHeadz,Non-Licensed
12-Aug,79.99,7,712,Train your skills and learn how to become a Super Hero!,41232,Average,DC Super Hero Girls,Licensed
12-Jul,24.99,4,206,Recover Batgirl’s ePad from the evil Kryptomite™!,41230,Easy,DC Super Hero Girls,Licensed
12-Jul,29.99,2,217,Save the super hero café from the evil Kryptomites!,41231,Average,DC Super Hero Girls,Licensed
12-Jul,14.99,2,145,Rescue Krypto™ from Lashina’s clutches!,41233,Average,DC Super Hero Girls,Licensed
12-Sep,99.99,NA,1078,Rescue The Flash™ from Eclipso’s evil plans!,41239,NA,DC Super Hero Girls,Licensed
12-Jul,59.99,NA,432,Stop Lena Luthor™ from making evil little Kryptomites!,41238,NA,DC Super Hero Girls,Licensed
12-Jul,44.99,1,351,Help Batgirl™ nab Mad Harriet™ and recover the microchip!,41237,Average,DC Super Hero Girls,Licensed
12-Jul,14.99,2,142,Keep the crystals from the evil Kryptomites!,41234,Average,DC Super Hero Girls,Licensed
14+,199.99,52,2294,Discover the secrets of the Silent Mary!,71042,Average,Disney™,Licensed
12-Jun,79.99,5,701,Spend a day in the snow at Elsa’s Magical Ice Palace!,41148,Average,Disney™,Licensed
12-Jun,69.99,3,585,Dine and dance at the Dream Castle with Disney Cinderella.,41154,Challenging,Disney™,Licensed
12-Jun,49.99,3,380,Sail off to new adventures with Disney Ariel and Eric.,41153,Average,Disney™,Licensed
12-Jun,39.99,3,307,Set sail with Moana to restore the heart of Te Fiti!,41150,Easy,Disney™,Licensed
12-Jun,39.99,3,322,Help Disney Aurora turn the spinning wheel in her Fairytale Castle!,41152,Easy,Disney™,Licensed
12-Jun,39.99,4,350,Drive off in Cinderella’s beautiful horse-drawn carriage!,41146,Average,Disney™,Licensed
7-Apr,34.99,2,191,Roll up for a demolition derby at the Disney•Pixar Thunder Hollow Crazy 8 Race!,10744,Average,Juniors,Non-Licensed
12-May,29.99,2,222,Explore the secrets of the sea with Ariel and Flounder.,41145,Average,Disney™,Licensed
7-Apr,24.99,3,94,Play in the snow with Anna and Elsa at the ice palace!,10736,Average,Juniors,Non-Licensed
7-Apr,19.99,2,116,Fix Disney•Pixar’s Lightning McQueen for his next exciting race!,10743,Easy,Juniors,Non-Licensed
7-Apr,19.99,2,95,Smash the speed record with Disney•Pixar’s Lightning McQueen and Sheriff!,10742,Easy,Juniors,Non-Licensed
12-May,19.99,NA,125,Visit Arendelle Market with Elsa and Olaf!,41155,NA,Disney™,Licensed
12-May,14.99,1,104,"Get in training with Disney Mulan, ready for the challenge ahead!",41151,Average,Disney™,Licensed
7-Apr,9.99,8,47,Power on and win with Disney•Pixar’s Lightning McQueen!,10730,Very Easy,Juniors,Non-Licensed
7-Apr,9.99,3,62,Take a break at the junkyard with Disney•Pixar’s Mater and his video screen!,10733,Easy,Juniors,Non-Licensed
6+,9.99,1,115,Decorate and customize your castle!,40307,Easy,Disney™,Licensed
6+,9.99,1,80,Create beautiful mini-doll outfits!,40388,Easy,Disney™,Licensed
7-Apr,9.99,1,75,Pull in to Disney•Pixar’s Guido & Luigi’s Pit Stop for fun and games!,10732,NA,Juniors,Non-Licensed
7-Apr,9.99,3,59,Help Disney•Pixar’s Cruz Ramirez become the fastest race car around!,10731,Easy,Juniors,Non-Licensed
10+,9.99,6,118,Lead a LEGO® BrickHeadz ghost crew featuring Disney’s Captain Armando Salazar!,41594,Very Easy,BrickHeadz,Non-Licensed
12-May,29.99,11,174,Help Anna and Kristoff bring summer back to Arendelle!,41066,Easy,Disney™,Licensed
12-May,24.99,2,205,Help Moana find the heart of Te Fiti and fulfill her destiny!,41149,Challenging,Disney™,Licensed
12-May,19.99,1,186,Host a grand ball for all the Palace Pets!,41142,Very Easy,Disney™,Licensed
12-May,19.99,2,153,Take a break with Anna and her horse on their journey!,41147,Easy,Disney™,Licensed
10+,9.99,9,109,Treasure your own LEGO® BrickHeadz construction character featuring Disney’s Captain Jack Sparrow!,41593,Easy,BrickHeadz,Non-Licensed
10+,9.99,10,139,Add some Disney fairytale romance with a LEGO® BrickHeadz construction character featuring Belle!,41595,Easy,BrickHeadz,Non-Licensed
10+,9.99,2,116,Bring a classic Disney tale to life with a LEGO® BrickHeadz construction character featuring Beast!,41596,Average,BrickHeadz,Non-Licensed
12-May,9.99,NA,75,Win the show jumping prize with Petite!,41144,NA,Disney™,Licensed
12-May,5.99,NA,61,Make a cake for Berry’s tea party!,41143,NA,Disney™,Licensed
12-Aug,69.99,1,695,Stop the Goblin King’s evil plan and rescue Emily Jones’ sister!,41188,NA,Elves,Non-Licensed
12-Sep,59.99,2,646,Rescue the captured Guardian Earth Fox from Noctura’s tower!,41194,NA,Elves,Non-Licensed
12-Aug,49.99,6,460,Heal the baby dragon and transform a goblin from bad to good!,41187,Average,Elves,Non-Licensed
12-Aug,39.99,2,451,Join forces with Aira and Lumia to protect the Wind Dragon!,41193,Average,Elves,Non-Licensed
12-Aug,29.99,8,339,Search for crystals in the cave with the evil Goblin King!,41183,Average,Elves,Non-Licensed
12-Aug,29.99,2,360,Free the Guardian Fire Lion from the evil shadow bats’ chain!,41192,Average,Elves,Non-Licensed
12-Jul,19.99,2,205,Help Naida defend the Guardian Water Turtle from the shadow bat!,41191,Average,Elves,Non-Licensed
12-Jul,19.99,2,145,Escape the carnivorous plants with Azari and Firebolt!,41186,Average,Elves,Non-Licensed
12-Jul,14.99,2,149,Help Emily Jones find the lost diary page and outwit the shadow bat!,41190,Easy,Elves,Non-Licensed
12-Jul,59.99,3,637,Explore the secret Goblin Village without getting caught!,41185,Average,Elves,Non-Licensed
12-Jul,9.99,3,67,Protect the crystals from the goblin thief!,41181,Easy,Elves,Non-Licensed
12-Jul,19.99,4,226,Protect Sophie Jones from being captured in Elvendale!,41182,Average,Elves,Non-Licensed
12-Jul,99.99,4,871,Look after the sick and injured people of Heartlake City!,41318,Average,Friends,Non-Licensed
12-Jun,69.99,8,622,Make cakes ready for a party at Stephanie’s House!,41314,Average,Friends,Non-Licensed
12-Jul,69.99,2,603,Jump aboard the luxury Sunshine Catamaran with friends!,41317,Challenging,Friends,Non-Licensed
12-Jun,69.99,7,722,Plot mission after mission together at the Friendship House!,41340,Average,Friends,Non-Licensed
12-Aug,59.99,3,585,Get into winter sports with friends at the snow resort!,41324,Average,Friends,Non-Licensed
12-Jul,54.99,NA,488,Set up camp with Mia’s luxury camper van!,41339,NA,Friends,Non-Licensed
12-Jun,49.99,6,589,Enjoy swimming in the sunshine at the Heartlake Summer Pool!,41313,Easy,Friends,Non-Licensed
12-Jun,44.99,1,460,Show off your sporting prowess at the Sports Arena!,41338,Average,Friends,Non-Licensed
12-Jun,39.99,NA,370,Chill out with frozen yogurt at Heartlake’s coolest hangout!,41320,NA,Friends,Non-Licensed
12-Jul,39.99,4,402,Stay cozy and warm in the beautiful log cabin!,41323,Average,Friends,Non-Licensed
12-Jun,39.99,3,326,Have fun playing at Heartlake City Playground with Mia and Sienna!,41325,Challenging,Friends,Non-Licensed
12-Jun,32.99,3,378,Get inspired with Emma at her favorite Art Café!,41336,Average,Friends,Non-Licensed
12-Jun,29.99,2,351,Climb up to the tree house and help Mia settle in!,41335,Challenging,Friends,Non-Licensed
12-Jun,29.99,2,307,Glide across the ice and show off your skills!,41322,Average,Friends,Non-Licensed
12-Jun,29.99,1,309,Cruise in style to the hottest beach party in town!,41316,Easy,Friends,Non-Licensed
12-Jun,29.99,7,289,Enjoy pizza with friends at Heartlake’s Italian restaurant!,41311,Easy,Friends,Non-Licensed
12-Jun,24.99,3,246,Keep warm with delicious hot chocolate from the van!,41319,Easy,Friends,Non-Licensed
12-Jun,24.99,1,229,Put on a show in the park with Andrea and Pepper!,41334,Average,Friends,Non-Licensed
12-Jun,19.99,1,223,Drive to the rescue in Heartlake City with Olivia and Zobo.,41333,NA,Friends,Non-Licensed
12-Jun,19.99,NA,210,Spend a day painting in the park with Emma and Chico!,41332,NA,Friends,Non-Licensed
7-Apr,19.99,NA,115,Pick up some tasty organic goodies from Mia and Twister!,10749,NA,Juniors,Non-Licensed
12-Jun,19.99,4,186,Get ready for a day of watersports action at the Surf Shop!,41315,Easy,Friends,Non-Licensed
12-Jun,14.99,NA,119,Score goal after goal with Stephanie and Dash!,41330,NA,Friends,Non-Licensed
12-Jun,14.99,1,163,Work on Olivia’s latest invention in her hi-tech bedroom!,41329,Easy,Friends,Non-Licensed
7-Apr,9.99,2,67,Join Emma and her cat for a fun party in the park!,10748,Very Easy,Juniors,Non-Licensed
12-Jun,9.99,2,95,Stephanie is always on the go… even at home in her bedroom!,41328,Easy,Friends,Non-Licensed
12-Jun,9.99,3,86,Explore Mia’s bedroom and discover her personality!,41327,Average,Friends,Non-Licensed
6+,12.99,2,249,Keep things safe inside this cute buildable hedgehog!,40171,Average,Friends,Non-Licensed
12-Jun,29.99,5,286,Look after Heartlake's coolest canines!,41124,Average,Friends,Non-Licensed
12-Jun,29.99,5,176,Head to the Heartlake Party Shop for all your celebration supplies!,41132,Easy,Friends,Non-Licensed
12-Jun,19.99,8,195,NA,41128,Average,Friends,Non-Licensed
12-May,4.99,1,62,Train for the big dog show with Sky the puppy!,41303,NA,Friends,Non-Licensed
12-Aug,99.99,17,1124,NA,41130,Average,Friends,Non-Licensed
12-Jul,79.99,5,774,"Learn to sing, dance and play with friends in Heartlake City!",41134,Easy,Friends,Non-Licensed
12-Jun,59.99,5,575,Train for the next big horse show at the Heartlake Riding Club!,41126,Average,Friends,Non-Licensed
12-Jun,39.99,3,328,Stay fit and healthy at the Heartlake Sports Center!,41312,Average,Friends,Non-Licensed
12-May,29.99,18,217,Count down to Christmas with LEGO® Friends!,41326,Easy,Friends,Non-Licensed
12-May,19.99,NA,185,Help Mia’s cute pups win the Championship!,41300,NA,Friends,Non-Licensed
12-Jun,19.99,1,185,Drive the van to send special gifts all around Heartlake City!,41310,Easy,Friends,Non-Licensed
12-May,14.99,1,145,Arrive at the dog show in style with a puppy limo!,41301,NA,Friends,Non-Licensed
12-Jun,14.99,6,174,NA,41127,Average,Friends,Non-Licensed
12-May,9.99,1,79,Hop on the scooter and zoom off to catch some waves!,41306,Easy,Friends,Non-Licensed
12-May,9.99,NA,86,Sing your heart out with Andrea and her pet parrot!,41309,NA,Friends,Non-Licensed
12-May,9.99,2,77,Pamper Emma's cute pet foal at the Foal's Washing Station!,41123,Easy,Friends,Non-Licensed
12-May,4.99,1,45,Get puppy Lara ready for her big dog show debut!,41302,Easy,Friends,Non-Licensed
14-Aug,59.99,24,556,Speed after Mayhem with the LEGO® Ghostbusters™ Ecto-1 & 2 vehicles!,75828,Average,Ghostbusters™,Non-Licensed
12+,69.99,83,962,"Designed by fan creator, Jake Sadovich, Idaho, USA.",21313,Average,Ideas,Non-Licensed
10+,34.99,30,230,Reimagine Disney’s TRON: Legacy movie scenes with LEGO® bricks!,21314,Easy,Ideas,Non-Licensed
12+,149.99,79,2049,Prepare for the ultimate fishing trip!,21310,Average,Ideas,Non-Licensed
14+,119.99,367,1969,Build the first rocket to land people on the Moon!,21309,Challenging,Ideas,Non-Licensed
9+,49.99,23,496,What time is it? It’s LEGO® Adventure Time™!,21308,Easy,Ideas,Non-Licensed
10+,24.99,33,231,"Build, play and learn from inspiring women of NASA!",21312,Easy,Ideas,Non-Licensed
12+,79.99,51,773,Add quirky vehicle style to your shelf or desk!,21307,Average,Ideas,Non-Licensed
7-Apr,49.99,NA,150,Defend the baby dinosaur and eggs from the angry T. rex!,10758,NA,Juniors,Non-Licensed
7-Apr,29.99,NA,178,Capture Brick before she knocks the house down!,10761,NA,Juniors,Non-Licensed
7-Apr,24.99,NA,85,Rescue the Raptor before the volcano erupts!,10757,NA,Juniors,Non-Licensed
7-Apr,24.99,NA,149,Defend Metroville’s bank vault from the Underminer!,10760,NA,Juniors,Non-Licensed
7-Apr,19.99,NA,84,Escape Jurassic Island before the Pteranadon attacks!,10756,NA,Juniors,Non-Licensed
7-Apr,19.99,NA,95,Grab the helicopter and help Elastigirl save the city!,10759,NA,Juniors,Non-Licensed
8-May,49.99,1,266,Race with Disney•Pixar’s Lightning McQueen for the trophy!,10745,Challenging,Juniors,Non-Licensed
7-Apr,34.99,2,191,Roll up for a demolition derby at the Disney•Pixar Thunder Hollow Crazy 8 Race!,10744,Average,Juniors,Non-Licensed
7-Apr,29.99,2,175,Tear it down and build it again!,10734,NA,Juniors,Non-Licensed
7-Apr,24.99,3,94,Play in the snow with Anna and Elsa at the ice palace!,10736,Average,Juniors,Non-Licensed
7-Apr,24.99,1,151,Swoop in with Batman™ and take on the Joker™!,10753,Easy,Juniors,Non-Licensed
7-Apr,19.99,2,116,Fix Disney•Pixar’s Lightning McQueen for his next exciting race!,10743,Easy,Juniors,Non-Licensed
7-Apr,19.99,2,100,It’s feeding time down at the animal farm!,10746,Easy,Juniors,Non-Licensed
7-Apr,19.99,NA,115,Chase down the crook and recover the loot!,10751,NA,Juniors,Non-Licensed
7-Apr,19.99,NA,115,Pick up some tasty organic goodies from Mia and Twister!,10749,NA,Juniors,Non-Licensed
7-Apr,19.99,2,95,Smash the speed record with Disney•Pixar’s Lightning McQueen and Sheriff!,10742,Easy,Juniors,Non-Licensed
7-Apr,19.99,1,125,Swing into action with Spider-Man and catch the Scorpion!,10754,NA,Juniors,Non-Licensed
7-Apr,19.99,2,108,Help Kai and Lloyd save NINJAGO® City from Great White!,10739,Easy,Juniors,Non-Licensed
7-Apr,19.99,1,110,Help the firefighters battle the blaze!,10740,Easy,Juniors,Non-Licensed
7-Apr,19.99,NA,131,Race against Chopper Maroon for the treasure map!,10755,NA,Juniors,Non-Licensed
7-Apr,14.99,2,67,Help Snow White choose a pie to bake for her animal friends!,10738,Average,Juniors,Non-Licensed
7-Apr,14.99,2,63,Battle Mr. Freeze™ with Batman™ and his Batboat on the Gotham City Sea!,10737,Easy,Juniors,Non-Licensed
7-Apr,9.99,NA,73,Grab your shovel and get to work!,10750,NA,Juniors,Non-Licensed
7-Apr,9.99,8,47,Power on and win with Disney•Pixar’s Lightning McQueen!,10730,Very Easy,Juniors,Non-Licensed
7-Apr,9.99,3,62,Take a break at the junkyard with Disney•Pixar’s Mater and his video screen!,10733,Easy,Juniors,Non-Licensed
7-Apr,9.99,2,67,Join Emma and her cat for a fun party in the park!,10748,Very Easy,Juniors,Non-Licensed
7-Apr,9.99,1,75,Pull in to Disney•Pixar’s Guido & Luigi’s Pit Stop for fun and games!,10732,NA,Juniors,Non-Licensed
7-Apr,9.99,3,59,Help Disney•Pixar’s Cruz Ramirez become the fastest race car around!,10731,Easy,Juniors,Non-Licensed
7-Apr,29.99,1,143,Have fun at the seaside with Stephanie and Andrea!,10747,Average,Juniors,Non-Licensed
7-Apr,29.99,5,137,Protect the Spider-Man™ Hideout against an aerial assault from Green Goblin!,10687,Very Easy,Juniors,Non-Licensed
7-Apr,29.99,1,172,Discover the Lost Temple and help Lloyd win the Sword of Fire!,10725,Very Easy,Juniors,Non-Licensed
7-Apr,19.99,3,90,Catch the crook before he gets away!,10735,Easy,Juniors,Non-Licensed
7-Apr,14.99,NA,92,Help Kai protect the golden snake staff and stop Lasha!,10722,NA,Juniors,Non-Licensed
7-Apr,12.99,2,58,Plan a day of riding with friends!,10726,Very Easy,Juniors,Non-Licensed
7-Apr,14.99,1,70,Ride the waves with Ariel and Flounder as she explores new worlds in her dolphin carriage!,10723,Easy,Juniors,Non-Licensed
7-Apr,9.99,NA,63,Catch the thief and protect the ATM with the Police Helicopter Chase!,10720,NA,Juniors,Non-Licensed
12-Aug,129.99,2,1019,Rescue Maisie from the Indoraptor at Lockwood Estate!,75930,Easy,Indoraptor Rampage at Lockwood Estate,Non-Licensed
12-Jul,79.99,1,577,Escape from the rampaging Carnotaurus!,75929,NA,Carnotaurus Gyrosphere Escape,Non-Licensed
12-Jul,69.99,NA,609,Help Zia round up the T. rex and save the day!,75933,NA,T. rex Transport,Non-Licensed
7-Apr,49.99,NA,150,Defend the baby dinosaur and eggs from the angry T. rex!,10758,NA,Juniors,Non-Licensed
12-Jun,39.99,4,360,Play a game of hide and seek with the Velociraptor!,75932,Average,Jurassic Park Velociraptor Chase,Non-Licensed
12-Jul,39.99,1,289,Defend the outpost from the terrifying Dilophosaurus!,75931,Easy,Dilophosaurus Outpost Attack,Non-Licensed
12-Jul,39.99,NA,397,Rescue Blue the Velociraptor from Wheatley and the pilot!,75928,NA,Blue's Helicopter Pursuit,Non-Licensed
12-Jun,29.99,2,222,Stage a security breach with a dinosaur lab breakout!,75927,Average,Stygimoloch Breakout,Non-Licensed
7-Apr,24.99,NA,85,Rescue the Raptor before the volcano erupts!,10757,NA,Juniors,Non-Licensed
10+,19.99,1,234,Train a raptor with LEGO® BrickHeadz™ Owen and Blue!,41614,Easy,BrickHeadz,Non-Licensed
12-Jun,19.99,1,126,Chase the Pteranodon and rescue it from danger!,75926,Easy,Pteranodon Chase,Non-Licensed
7-Apr,19.99,NA,84,Escape Jurassic Island before the Pteranadon attacks!,10756,NA,Juniors,Non-Licensed
14+,119.99,52,1363,Create and show off the mighty Hulkbuster!,76105,Average,Marvel Super Heroes,Licensed
14-Aug,99.99,7,1004,Stop Cull Obsidian and Ebony Maw stealing the Infinity Stone!,76108,Average,Marvel Super Heroes,Licensed
14-Aug,69.99,17,674,Battle Thanos for the Infinity Gauntlet with the Avengers!,76107,Average,Marvel Super Heroes,Licensed
14-Jul,39.99,3,416,Repel Corvus Glaive’s thresher attack on the Wakandan wall!,76103,Average,Marvel Super Heroes,Licensed
14-Jul,29.99,13,375,Bash the ball-shooting gun turret with the Hulkbuster!,76104,Easy,Marvel Super Heroes,Licensed
12-Jun,19.99,10,223,Find Thor’s ultimate weapon!,76102,Easy,Marvel Super Heroes,Licensed
12-Jun,14.99,13,124,Defend Wakanda from attack with the Avengers!,76101,Easy,Marvel Super Heroes,Licensed
10+,9.99,3,101,Save the universe with LEGO® BrickHeadz Iron Man MK50!,41604,Average,BrickHeadz,Non-Licensed
10+,9.99,2,105,Feel the power of Infinity with LEGO® BrickHeadz Thanos!,41605,Easy,BrickHeadz,Non-Licensed
10+,9.99,1,113,Be a legendary outlaw with LEGO® BrickHeadz Star-Lord!,41606,Easy,BrickHeadz,Non-Licensed
10+,9.99,1,136,Master the skills of a green-skinned assassin with LEGO® BrickHeadz Gamora!,41607,NA,BrickHeadz,Non-Licensed
14-Jul,59.99,6,492,Battle for freedom in the arena with Hulk and Thor!,76088,Average,Marvel Super Heroes,Licensed
14-Jul,59.99,7,375,Get ready for a clash of the Hulks!,76078,Easy,Marvel Super Heroes,Licensed
14-Jul,49.99,6,400,Fight for the future of Asgard!,76084,Easy,Marvel Super Heroes,Licensed
14-Jul,39.99,23,375,Intercept The Shocker and take down the Vulture!,76083,Average,Marvel Super Heroes,Licensed
14-Jul,29.99,7,358,Capture Killmonger with Nakia’s awesome Royal Talon Fighter!,76100,Average,Marvel Super Heroes,Licensed
14-Jul,29.99,10,377,Send in Iron Man to rescue Agent Coulson from Detroit Steel!,76077,Easy,Marvel Super Heroes,Licensed
12-Jun,19.99,6,229,Battle Killmonger for the precious vibranium with Black Panther!,76099,Easy,Marvel Super Heroes,Licensed
12-Jun,19.99,9,185,Foil the masked robbers’ bank raid!,76082,Easy,Marvel Super Heroes,Licensed
12-Jun,19.99,10,160,Retrieve Captain America's shield from evil Super-Adaptoid!,76076,Easy,Marvel Super Heroes,Licensed
7-Apr,19.99,1,125,Swing into action with Spider-Man and catch the Scorpion!,10754,NA,Juniors,Non-Licensed
12-May,9.99,2,79,Match Thor against Loki in an epic Mighty Micros clash!,76091,Easy,Marvel Super Heroes,Licensed
12-May,9.99,NA,86,Help Star-Lord grab the stolen mixtape from Nebula!,76090,NA,Marvel Super Heroes,Licensed
12-May,9.99,NA,89,Jet into a fun-packed Scarlet Spider vs. Sandman clash!,76089,NA,Marvel Super Heroes,Licensed
12-May,9.99,1,79,Begin a battle of the bugs with Spider-Man and Scorpion!,76071,Very Easy,Marvel Super Heroes,Licensed
14-Jul,29.99,12,323,Team up to take on Ayesha and save the galaxy!,76080,Average,Marvel Super Heroes,Licensed
12-Jun,29.99,14,330,Jump to the rescue and control the blaze with the Avengers and Spider-Man!,76067,Easy,Marvel Super Heroes,Licensed
14-Jul,29.99,15,358,Banish the portal beast from Doctor Strange’s Sanctum Sanctorum!,76060,Average,Marvel Super Heroes,Licensed
12-Jun,19.99,9,197,Team up with Mantis and Rocket and fight back against Taserface!,76079,Easy,Marvel Super Heroes,Licensed
12-Jun,12.99,25,92,Take down the Ultron jet with super-jumping Iron Man!,76029,Very Easy,Marvel Super Heroes,Licensed
12-May,9.99,10,94,Thrust Iron Man into battle against evil Thanos!,76072,Very Easy,Marvel Super Heroes,Licensed
10+,9.99,8,96,Stand your ground with your own LEGO® BrickHeadz Iron Man!,41590,Easy,BrickHeadz,Non-Licensed
10+,9.99,8,93,Have a smashing time with LEGO® BrickHeadz The Hulk!,41592,Easy,BrickHeadz,Non-Licensed
12-May,9.99,4,85,Take a swipe at Magneto with the mighty Wolverine!,76073,Easy,Marvel Super Heroes,Licensed
10+,9.99,4,143,Recruit your own elite agent with LEGO® BrickHeadz Black Widow!,41591,Easy,BrickHeadz,Non-Licensed
8+,119.99,2,1122,Unlock the treasures of the Ocean Monument!,21136,Easy,Minecraft™,Non-Licensed
8+,69.99,7,729,Build and defend the awesome Waterfall Base!,21134,Average,Minecraft™,Non-Licensed
8+,59.99,1,717,Expand your LEGO® Minecraft™ universe!,21135,Challenging,Minecraft™,Non-Licensed
8+,49.99,4,549,Create a flourishing Farm Cottage!,21144,Easy,Minecraft™,Non-Licensed
8+,39.99,1,470,Board the minecart and journey through the Nether Portal!,21143,Average,Minecraft™,Non-Licensed
8+,29.99,NA,278,Set up base at the Polar Igloo!,21142,NA,Minecraft™,Non-Licensed
8+,29.99,6,387,Ride The Nether Railway!,21130,Easy,Minecraft™,Non-Licensed
14-Jul,19.99,4,198,Enjoy Minecraft™ farming adventures with the Chicken Coop!,21140,Average,Minecraft™,Non-Licensed
14-Jul,19.99,2,241,Enter the Zombie Cave at your peril!,21141,Average,Minecraft™,Non-Licensed
8+,19.99,16,208,Spring a surprise attack with The Iron Golem!,21123,Easy,Minecraft™,Non-Licensed
8+,19.99,5,247,Discover The Mushroom Island!,21129,Average,Minecraft™,Non-Licensed
14-Jun,14.99,NA,84,Battle the hostile mobs in the Nether Fight!,21139,NA,Minecraft™,Non-Licensed
14-Jun,14.99,4,69,Grow and trade your crops at the Melon Farm!,21138,Easy,Minecraft™,Non-Licensed
8+,79.99,14,571,Battle the hostile mobs at The Nether Fortress!,21122,Easy,Minecraft™,Non-Licensed
8+,69.99,14,706,Build and defend The Jungle Tree House!,21125,Average,Minecraft™,Non-Licensed
8+,59.99,6,559,Venture into the stronghold and activate the End portal!,21124,Average,Minecraft™,Non-Licensed
8+,59.99,15,519,Prepare for battle at The Desert Outpost!,21121,Average,Minecraft™,Non-Licensed
8+,39.99,3,318,Prepare to battle the wither!,21126,Average,Minecraft™,Non-Licensed
8+,19.99,16,219,Enter the zombie-spawning dungeon at your peril!,21119,Average,Minecraft™,Non-Licensed
5+,3.99,14,7,Get the party started with LEGO® Minifigures!,71021,Very Easy,Minifigures,Non-Licensed
12-May,39.99,10,169,Pack your city with a bunch of new people!,60153,Very Easy,City,Non-Licensed
5+,3.99,13,8,Discover new heroes and villains in LEGO® Minifigures—THE LEGO BATMAN MOVIE Series 2.,71020,Very Easy,Minifigures,Non-Licensed
5+,3.99,22,8,Bring the NINJAGO® world to life with LEGO® Minifigures!,71019,Very Easy,Minifigures,Non-Licensed
5+,3.99,26,7,"Collect the LEGO® Minifigures, Series 17—A story in every bag!",71018,Very Easy,Minifigures,Non-Licensed
14-Sep,129.99,5,1426,Stand your ground and save the realm with the 2-in-1 Knighton Castle!,70357,Challenging,NEXO KNIGHTS™,Non-Licensed
14-Aug,59.99,3,604,Deploy Axl's Rolling Arsenal for the biggest battles!,72006,Challenging,NEXO KNIGHTS™,Non-Licensed
14-Aug,49.99,NA,569,Drop in for a surprise attack with Aaron’s X-bow!,72005,NA,NEXO KNIGHTS™,Non-Licensed
14-Aug,39.99,3,506,Suit up for a Tech Wizard Showdown with Clay’s 3-in-1 mech!,72004,Average,NEXO KNIGHTS™,Non-Licensed
14-Aug,29.99,NA,369,Jet off with Macy for a Berserker Bomber battle!,72003,NA,NEXO KNIGHTS™,Non-Licensed
14-Jul,19.99,1,191,Double the action with the 2-in-1 Twinfector!,72002,Easy,NEXO KNIGHTS™,Non-Licensed
14-Jul,19.99,NA,217,Wipe out the tech infection with Lance’s Hover Jouster!,72001,NA,NEXO KNIGHTS™,Non-Licensed
14-Aug,24.99,1,251,Protect Robot Hoodlum from The Bedrock Monster!,70358,Average,NEXO KNIGHTS™,Non-Licensed
14-Jul,9.99,2,88,Watch Axl become unstoppable on the battlefield!,70365,NA,NEXO KNIGHTS™,Non-Licensed
14-Jul,9.99,1,98,Stop the Stone stomper with the King’s Guard battle vehicle!,70347,NA,NEXO KNIGHTS™,Non-Licensed
14-Sep,99.99,17,1140,Roll into action with the NEXO KNIGHTS™ 2-in-1 battle castle!,70317,Challenging,NEXO KNIGHTS™,Non-Licensed
14-Sep,89.99,3,840,Help the heroic knights rescue Ava from Jestro’s head-shaped HQ!,70352,Average,NEXO KNIGHTS™,Non-Licensed
14-Aug,69.99,3,670,Protect the spell book from Burnzie in Axl's Tower Carrier!,70322,Average,NEXO KNIGHTS™,Non-Licensed
14-Aug,59.99,1,598,Run rings around the Krakenbeast with Aaron’s 3-in-1 Rock Climber!,70355,Average,NEXO KNIGHTS™,Non-Licensed
14-Aug,39.99,1,393,Keep trouble at bay with Axl’s 3-in-1 Rumble Maker!,70354,NA,NEXO KNIGHTS™,Non-Licensed
14-Aug,49.99,2,516,Tower over the enemy with the monstrous Siege Machine of Doom!,70321,Challenging,NEXO KNIGHTS™,Non-Licensed
14-Aug,24.99,2,257,Charge Lance into battle against the gargoyles!,70359,Easy,NEXO KNIGHTS™,Non-Licensed
14-Aug,29.99,1,266,Charge Axl into battle against the three fearsome brothers!,70350,Average,NEXO KNIGHTS™,Non-Licensed
14-Aug,19.99,2,208,Rescue the queen from Ruina’s Lock & Roller!,70349,Average,NEXO KNIGHTS™,Non-Licensed
14-Aug,19.99,1,216,Hunt the Rogul with Lance’s four-in-one Twin Jouster!,70348,Very Easy,NEXO KNIGHTS™,Non-Licensed
14-Aug,19.99,3,187,Smash Aaron Fox out of the way and capture the Book of Chaos!,70313,Average,NEXO KNIGHTS™,Non-Licensed
14-Jul,14.99,NA,153,Engage the Stone stomper with Macy’s Bot Drop Dragon!,70361,NA,NEXO KNIGHTS™,Non-Licensed
14-Jul,9.99,NA,79,Suit up with Clay and turn the Stone monsters to dust!,70362,NA,NEXO KNIGHTS™,Non-Licensed
14-Jul,9.99,NA,83,Send Lance speeding after the Stone monsters!,70366,NA,NEXO KNIGHTS™,Non-Licensed
14-Jul,9.99,1,80,Grab a battle suit and help Aaron defend Knighton!,70364,Very Easy,NEXO KNIGHTS™,Non-Licensed
14-Jul,9.99,2,67,Hammer the enemy into defeat with Ultimate Flama!,70339,Very Easy,NEXO KNIGHTS™,Non-Licensed
14-Jul,9.99,2,75,Soar into battle with Ultimate Lance and his jet wings!,70337,Easy,NEXO KNIGHTS™,Non-Licensed
14-Jul,9.99,NA,66,Unleash mighty Macy and send the Stone monsters running!,70363,NA,NEXO KNIGHTS™,Non-Licensed
14-Aug,9.99,NA,69,Knock out enemies with Ultimate Axl's gigantic fists!,70336,NA,NEXO KNIGHTS™,Non-Licensed
14-Jul,9.99,1,64,Fire up Ultimate General Magmar to defeat the opponents!,70338,Very Easy,NEXO KNIGHTS™,Non-Licensed
6+,14.99,NA,30,Grow Jestro's army with these hot-headed Lava monsters!,853516,NA,NEXO KNIGHTS™,Non-Licensed
14-Jul,3.99,8,10,Collect and combine the NEXO Powers to defeat Monstrox!,70372,Very Easy,NEXO KNIGHTS™,Non-Licensed
14-Sep,159.99,52,2295,Join the ninja aboard Wu’s flying ship!,70618,Challenging,THE LEGO® NINJAGO® MOVIE™,Non-Licensed
14-Sep,99.99,15,1403,Evade the traps inside the Temple!,70617,Average,THE LEGO® NINJAGO® MOVIE™,Non-Licensed
14-Sep,89.99,11,1202,Turn sound into a weapon with Cole’s Quake Mech!,70632,Average,THE LEGO® NINJAGO® MOVIE™,Non-Licensed
14-Sep,79.99,9,830,Defend NINJAGO® City from Garmadon Shark Mech attack!,70656,Average,THE LEGO® NINJAGO® MOVIE™,Non-Licensed
14-Sep,79.99,6,914,Take on the shark army with Zane’s Ice Tank!,70616,Average,THE LEGO® NINJAGO® MOVIE™,Non-Licensed
14-Aug,69.99,6,765,Explore the mysterious Temple of Resurrection!,70643,Average,NINJAGO®,Non-Licensed
14-Sep,69.99,19,944,Put the heat on the shark army with Kai’s Fire Mech!,70615,Average,THE LEGO® NINJAGO® MOVIE™,Non-Licensed
14-Aug,59.99,8,747,Defend NINJAGO® City against Garma Mecha Man!,70613,Average,THE LEGO® NINJAGO® MOVIE™,Non-Licensed
14-Sep,59.99,8,876,Speed to the rescue with Jay’s Lightning Jet!,70614,Average,THE LEGO® NINJAGO® MOVIE™,Non-Licensed
14-Aug,49.99,2,556,Get weaponized for a dynamic Killow vs. Samurai X duel!,70642,Average,NINJAGO®,Non-Licensed
14-Aug,49.99,7,521,Get all fired up at Garmadon’s Volcano Lair!,70631,Average,THE LEGO® NINJAGO® MOVIE™,Non-Licensed
14-Aug,49.99,29,544,Take on Garmadon with the Green Ninja Mech Dragon!,70612,Average,THE LEGO® NINJAGO® MOVIE™,Non-Licensed
14-Aug,39.99,NA,530,Attack the Sons of Garmadon underground dojo in Spinjitzu style!,70640,NA,NINJAGO®,Non-Licensed
14-Sep,39.99,4,552,Shoot on the go with Lloyd’s Ninja Nightcrawler!,70641,Challenging,NINJAGO®,Non-Licensed
14-Jul,29.99,3,308,Stage a high-speed bike showdown!,70639,Average,NINJAGO®,Non-Licensed
14-Aug,29.99,21,494,Smash the shark army out of the water with the Water Strider!,70611,Average,THE LEGO® NINJAGO® MOVIE™,Non-Licensed
14-Jul,29.99,10,312,Battle against evil Jungle Garmadon on the jungle bridge!,70608,Easy,THE LEGO® NINJAGO® MOVIE™,Non-Licensed
14-Jul,29.99,6,341,Protect NINJAGO® City from flying Manta Ray Bomber attack!,70609,Easy,THE LEGO® NINJAGO® MOVIE™,Non-Licensed
14-Aug,29.99,7,341,Take on the tentacular Flying Jelly Sub with Jay!,70610,Average,THE LEGO® NINJAGO® MOVIE™,Non-Licensed
14-Jul,19.99,3,257,Pursue Luke Cunningham with Kai’s Katana V11!,70638,Average,NINJAGO®,Non-Licensed
14-Jul,19.99,8,217,Stop a Piranha Attack with Kai and Misako!,70629,Easy,THE LEGO® NINJAGO® MOVIE™,Non-Licensed
14-Jul,19.99,18,233,Stop a crime in the NINJAGO® City street market!,70607,Easy,THE LEGO® NINJAGO® MOVIE™,Non-Licensed
7-Apr,19.99,NA,131,Race against Chopper Maroon for the treasure map!,10755,NA,Juniors,Non-Licensed
14-Jun,9.99,1,48,Achieve Spinjitzu greatness with the Green Ninja!,70628,Very Easy,THE LEGO® NINJAGO® MOVIE™,Non-Licensed
14-Jun,9.99,NA,61,Master Spinjitzu with the Red Ninja!,70633,NA,NINJAGO®,Non-Licensed
14-Jun,9.99,1,68,Create brilliant Spinjitzu tricks with the Blue Ninja!,70635,Very Easy,NINJAGO®,Non-Licensed
14-Jun,9.99,2,73,Master the art of Spinjitzu with the Black Ninja!,70637,Easy,NINJAGO®,Non-Licensed
14-Jun,9.99,11,109,Practice your Spinjitzu skills with Kai and Zane!,70606,Easy,THE LEGO® NINJAGO® MOVIE™,Non-Licensed
14-Jun,9.99,NA,69,"Build, rip and spin into action with Nya!",70634,NA,NINJAGO®,Non-Licensed
14-Jun,9.99,NA,69,Create the coolest Spinjitzu tricks with the Ice Ninja!,70636,NA,NINJAGO®,Non-Licensed
10+,9.99,7,102,Unleash your true ninja spirit with LEGO® BrickHeadz Lloyd!,41487,Easy,BrickHeadz,Non-Licensed
10+,9.99,5,89,Learn the way of the ninja with LEGO® BrickHeadz Master Wu!,41488,Very Easy,BrickHeadz,Non-Licensed
14-Sep,79.99,8,754,Launch a surprise attack on the sky pirates’ awesome HQ!,70605,Average,NINJAGO®,Non-Licensed
14-Aug,39.99,6,439,Match the Salvage M.E.C. vs. the Skulkin mech in a bounty-hunting duel!,70592,Average,NINJAGO®,Non-Licensed
14-Aug,29.99,5,313,Watch out for the mighty egg-launching Vermillion Invader!,70624,Average,NINJAGO®,Non-Licensed
14-Jul,29.99,7,360,Glide across and above the swamp with Destiny's Shadow!,70623,Average,NINJAGO®,Non-Licensed
14-Jul,29.99,8,294,Fly high with Zane to battle Doubloon’s mighty Raid Zeppelin!,70603,Average,NINJAGO®,Non-Licensed
14-Jul,19.99,12,221,Take on Flintlocke’s Sky Shark with Ninja Lloyd!,70601,Easy,NINJAGO®,Non-Licensed
14-Jun,9.99,7,83,Battle the Vermillion to win the Fast Forward Time Blade!,70621,Easy,NINJAGO®,Non-Licensed
5+,3.99,22,8,Bring the NINJAGO® world to life with LEGO® Minifigures!,71019,Very Easy,Minifigures,Non-Licensed
14-Aug,99.99,2,841,"Build, display and race iconic Ferrari race cars!",75889,Average,Speed Champions,Non-Licensed
14-Jul,29.99,4,391,Stage a historic Porsche race!,75888,Average,Speed Champions,Non-Licensed
14-Jul,14.99,9,183,"Build, display and race the 1968 Ford Mustang Fastback!",75884,Easy,Speed Champions,Non-Licensed
14-Jul,14.99,3,179,Team up with Ferrari “Scuderia Corsa” and triumph!,75886,Easy,Speed Champions,Non-Licensed
14-Jul,14.99,13,203,Drive the Fiesta M-Sport WRC to victory!,75885,Average,Speed Champions,Non-Licensed
14-Aug,99.99,8,941,Play every role of a top motor racing team on race day!,75883,Average,Speed Champions,Non-Licensed
14-Jul,29.99,12,366,Race your friends to win a 24-hour race!,75881,Easy,Speed Champions,Non-Licensed
14-Jul,14.99,3,163,Race to win a 24-hour race with the Porsche 919 Hybrid!,75887,Easy,Speed Champions,Non-Licensed
14-Jul,14.99,12,196,Customize the awesome AMG GT3 to race!,75877,Easy,Speed Champions,Non-Licensed
14-Jul,14.99,10,161,"Design, build and race an incredible McLaren supercar!",75880,Easy,Speed Champions,Non-Licensed
14-Jul,14.99,11,184,Speed into race action with the awesome Scuderia Ferrari SF16-H!,75879,Easy,Speed Champions,Non-Licensed
14-Jul,14.99,19,181,Build and drive the ultimate hyper car!,75878,Easy,Speed Champions,Non-Licensed
14-Jul,14.99,28,185,Break records in this American dream car!,75871,Easy,Speed Champions,Non-Licensed
14-Jul,14.99,9,166,Refuel and race for victory!,75872,Average,Speed Champions,Non-Licensed
14-Sep,169.99,4,1413,Jump to lightspeed in the Millennium Falcon!,75212,Average,Star Wars™,Licensed
14-Sep,69.99,7,519,Evade the mighty Imperial TIE Fighter!,75211,Average,Star Wars™,Licensed
12-Aug,39.99,2,464,Go on the hunt with Moloch!,75210,Easy,Star Wars™,Licensed
12-Jul,29.99,5,229,Train with Luke at Yoda’s Dagobah hideout!,75208,Easy,Star Wars™,Licensed
12-Jul,29.99,4,345,Escape to safety with Han Solo’s Landspeeder!,75209,Easy,Star Wars™,Licensed
14-Aug,29.99,NA,104,Own a true Sith Lord with Darth Maul!,75537,NA,Star Wars™,Licensed
14-Jul,24.99,2,101,Stomp into action with the Range Trooper!,75536,Easy,Star Wars™,Licensed
14-Aug,24.99,NA,101,Battle the bad guys with Han Solo!,75535,NA,Star Wars™,Licensed
12-Jun,14.99,3,102,Take on the Separatists with the Jedi and Clone Troopers!,75206,Very Easy,Star Wars™,Licensed
12-Jun,14.99,4,99,Patrol the Empire and enforce the rule of law!,75207,Very Easy,Star Wars™,Licensed
10+,9.99,1,149,Growl like a Wookiee with a LEGO® BrickHeadz™ construction character featuring Chewbacca!,41609,Very Easy,BrickHeadz,Non-Licensed
10+,9.99,1,141,Be a rogue with a LEGO® BrickHeadz™ construction character featuring Han Solo!,41608,Very Easy,BrickHeadz,Non-Licensed
14+,199.99,201,1996,Lift off for bounty-hunting adventures in the Slave I!,75060,Challenging,Star Wars™,Licensed
14-Sep,159.99,31,1416,Command the fleet with the awesome First Order Star Destroyer!,75190,Average,Star Wars™,Licensed
14-Sep,149.99,33,1376,Stride into battle with the First Order Heavy Assault Walker!,75189,Challenging,Star Wars™,Licensed
14-Sep,109.99,23,780,Set out on heroic raids with the Resistance Bomber!,75188,Average,Star Wars™,Licensed
16-Oct,99.99,79,1106,Play with and display your own brick-built BB-8!,75187,Average,Star Wars™,Licensed
14-Sep,89.99,39,863,Transport Director Krennic in his armor-plated shuttle!,75156,Average,Star Wars™,Licensed
14-Aug,89.99,5,775,Go head to head with the Empire aboard The Arrowhead!,75186,Challenging,Star Wars™,Licensed
14-Sep,84.99,4,746,Join the battle at the Resistance base!,75202,Easy,Star Wars™,Licensed
14-Aug,79.99,22,630,Speed into action with Kylo Ren’s TIE Fighter!,75179,Average,Star Wars™,Licensed
14-Aug,79.99,71,717,Go on daring missions with Poe's X-Wing Fighter™!,75102,Average,Star Wars™,Licensed
14-Aug,79.99,56,659,Battle the Empire with the amazing Rebel U-Wing Fighter!,75155,Average,Star Wars™,Licensed
14-Aug,79.99,3,836,Escape from Bala-Tik and the dreaded Rathtars!,75180,Average,Star Wars™,Licensed
14-Aug,69.99,6,557,Search out the Freemakers with Tracker I!,75185,Challenging,Star Wars™,Licensed
14-Aug,59.99,51,691,Launch daring raids with the iconic Y-Wing Starfighter!,75172,Average,Star Wars™,Licensed
14-Oct,54.99,11,452,Set out on speeder bike missions with the Scout Trooper!,75532,Challenging,Star Wars™,Licensed
14-Aug,49.99,12,457,Escape Jakku in the powerful Quadjumper!,75178,Easy,Star Wars™,Licensed
14-Sep,49.99,9,554,Stomp into battle with the First Order Heavy Scout Walker!,75177,Challenging,Star Wars™,Licensed
14-Aug,39.99,14,376,Stop by at Tatooine’s Mos Eisley Cantina!,75205,Easy,Star Wars™,Licensed
14-Aug,39.99,37,370,Seize control of the First Order AT-ST!,75201,Easy,Star Wars™,Licensed
14-Aug,34.99,5,179,Lead the charge with Chewbacca!,75530,Average,Star Wars™,Licensed
12-Jul,29.99,25,241,Learn the Jedi way at the Ahch-To Island mountainside hut!,75200,Easy,Star Wars™,Licensed
12-Jul,29.99,13,278,Speed into action with the Sandspeeder!,75204,Easy,Star Wars™,Licensed
12-Jul,29.99,27,277,Avoid the deadly Sarlacc pit!,75174,Easy,Star Wars™,Licensed
12-Jul,29.99,19,157,Chase down the Jedi with General Grievous’ Combat Speeder!,75199,Easy,Star Wars™,Licensed
14-Aug,29.99,14,294,Jettison to safety in the Resistance Transport Pod!,75176,Easy,Star Wars™,Licensed
12-Jul,24.99,38,282,Bring Darth Vader to life at the medical bay!,75183,Easy,Star Wars™,Licensed
12-Aug,24.99,37,262,Journey to the stars aboard Yoda’s starship!,75168,Easy,Star Wars™,Licensed
14-Aug,24.99,27,305,Pack a punch with the Republic Fighter Tank!,75182,Easy,Star Wars™,Licensed
12-Jul,24.99,32,208,Battle it out at the generator core!,75169,Easy,Star Wars™,Licensed
14-Aug,24.99,7,92,Protect the First Order with the Elite Praetorian Guard!,75529,Easy,Star Wars™,Licensed
14-Aug,24.99,12,86,Go on the hunt for Resistance forces with the fierce Kylo Ren™!,75117,Easy,Star Wars™,Licensed
14-Jul,24.99,3,100,Join the battle with the 2-in-1 Stormtrooper Commander!,75531,Very Easy,Star Wars™,Licensed
14-Aug,24.99,3,85,Feel the Force with Rey!,75528,Easy,Star Wars™,Licensed
12-Jun,19.99,3,188,Intercept Kylo Ren in a deep space microfighter duel!,75196,Easy,Star Wars™,Licensed
12-Jun,19.99,4,216,Pit First Order against Resistance in a micro planetside battle!,75195,Easy,Star Wars™,Licensed
14-Aug,19.99,1,94,Fly into action with the Elite TIE Fighter Pilot!,75526,Easy,Star Wars™,Licensed
12-Jun,14.99,14,97,Keep the Jawas busy on desert planet Tatooine!,75198,Easy,Star Wars™,Licensed
12-Jun,14.99,15,108,Advance on the Resistance with the First Order Specialists Battle Pack!,75197,Very Easy,Star Wars™,Licensed
12-Jun,14.99,40,125,Go bounty hunting with the super-fast speeder bike!,75167,Very Easy,Star Wars™,Licensed
12-Jun,14.99,25,117,Send in reinforcements with the First Order Transport Speeder!,75166,Very Easy,Star Wars™,Licensed
12-Jun,9.99,9,92,Play at micro lightspeed with the Millennium Falcon!,75193,Easy,Star Wars™,Licensed
12-Jun,9.99,3,91,Take on the Resistance in a micro-scale TIE Fighter!,75194,Easy,Star Wars™,Licensed
10+,9.99,2,91,Join the Resistance with a LEGO® BrickHeadz construction character featuring Finn!,41485,Easy,BrickHeadz,Non-Licensed
12-Jun,9.99,6,109,Enter miniature battle with the amazing U-Wing Microfighter!,75160,Easy,Star Wars™,Licensed
10+,9.99,5,130,Summon the dark side with a LEGO® BrickHeadz construction character featuring Kylo Ren™!,41603,Easy,BrickHeadz,Non-Licensed
12-Jun,9.99,4,88,Engage the Rebels with the tough TIE Striker Microfighter!,75161,Easy,Star Wars™,Licensed
10+,9.99,3,119,Feel the Force with a LEGO® BrickHeadz construction character featuring Rey!,41602,Easy,BrickHeadz,Non-Licensed
14+,199.99,86,1703,Build the ultimate LEGO® Snowspeeder!,75144,Challenging,Star Wars™,Licensed
14-Sep,99.99,15,825,Play at warp speed with Obi-Wan’s Jedi Starfighter With Hyperdrive!,75191,Average,Star Wars™,Licensed
14-Sep,39.99,6,168,Join Darth Vader and battle to victory!,75534,Average,Star Wars™,Licensed
14-Aug,29.99,4,144,Join the hunt with Boba Fett!,75533,Average,Star Wars™,Licensed
12-Jul,19.99,27,149,Go in search of Ben Kenobi in Luke’s Landspeeder!,75173,Easy,Star Wars™,Licensed
14+,199.99,1,1966,Collect the ultimate long-range Rebel starfighter!,75181,Very Challenging,Star Wars™,Licensed
14-Jul,24.99,3,104,Blast into battle with Rebel soldier Jyn Erso!,75119,Average,Star Wars™,Licensed
14-Aug,24.99,1,87,Jump into action with warrior monk Chirrut Îmwe!,75524,Easy,Star Wars™,Licensed
14-Sep,24.99,1,148,Blast the enemy with tough Baze Malbus!,75525,Very Easy,Star Wars™,Licensed
12-Jun,14.99,36,112,Track down those Rebels!,75165,Easy,Star Wars™,Licensed
14+,199.99,94,1685,Presenting the Ultimate Collector Series TIE Fighter – the iconic Imperial starfighter!,75095,Average,Star Wars™,Licensed
14-Sep,119.99,67,1005,Enter the battle with Kylo Ren’s Command Shuttle™!,75104,Average,Star Wars™,Licensed
14-Aug,69.99,39,543,Join the battle against the rebels!,75154,Average,Star Wars™,Licensed
14-Aug,59.99,47,409,Defeat Kylo Ren at the forest castle!,75139,Easy,Star Wars™,Licensed
14-Aug,49.99,19,419,Uncover the Death Star plans at the beach bunker!,75171,Easy,Star Wars™,Licensed
14-Aug,49.99,12,558,Join StarScavenger on dangerous salvage missions!,75147,Easy,Star Wars™,Licensed
14-Aug,59.99,24,530,Stop the thief at Unkar Plutt's market stall!,75148,Average,Star Wars™,Licensed
14-Jun,39.99,26,309,Launch into the holidays with the LEGO® Star Wars Advent Calendar!,75184,Easy,Star Wars™,Licensed
12-Jul,29.99,25,269,Join the Rebel battle aboard The Phantom!,75170,Easy,Star Wars™,Licensed
14-Sep,29.99,25,160,Feel the power of the dark side with posable Darth Vader™!,75111,Average,Star Wars™,Licensed
14-Sep,24.99,12,169,Go behind enemy lines with K-2SO!,75120,Easy,Star Wars™,Licensed
14-Jul,24.99,10,82,Command the troops with Captain Phasma™!,75118,Easy,Star Wars™,Licensed
12-Jul,24.99,5,83,Use the Force to battle the Separatists with posable Obi-Wan Kenobi™!,75109,Easy,Star Wars™,Licensed
14-Aug,24.99,4,106,Enforce Imperial rule with the Empire’s elite Death Trooper!,75121,Easy,Star Wars™,Licensed
12-Jul,19.99,70,193,Speed into action on Rey's Speeder!™,75099,Easy,Star Wars™,Licensed
14-Jul,24.99,1,89,Patrol the Scarif coastline with the armored Stormtrooper!,75523,Easy,Star Wars™,Licensed
14-Aug,24.99,1,98,Practice your warrior skills with Finn!,75116,Easy,Star Wars™,Licensed
12-Jul,19.99,10,85,Battle the Jedi with posable Jango Fett!™,75107,Easy,Star Wars™,Licensed
14-Jul,19.99,10,81,Prepare for battle against the Resistance!,75114,Very Easy,Star Wars™,Licensed
12-Jun,14.99,10,120,Patrol and defend Rebel territory!,75164,Very Easy,Star Wars™,Licensed
12-Jun,12.99,16,112,Speed into battle against the First Order forces!,75131,Very Easy,Star Wars™,Licensed
12-Jun,12.99,38,88,Blast the Resistance with the powerful turbolaser!,75132,Very Easy,Star Wars™,Licensed
10+,9.99,3,127,Lead the First Order with a LEGO® BrickHeadz construction character featuring Captain Phasma™,41486,Very Easy,BrickHeadz,Non-Licensed
12-Jun,9.99,7,90,Shoot for the stars with the Y-Wing Microfighter!,75162,Very Easy,Star Wars™,Licensed
12-Jun,9.99,9,87,Blast off on miniature X-Wing Fighter adventures!,75125,Easy,Star Wars™,Licensed
12-Jun,9.99,11,93,Go on the hunt for microfighter rebels!,75128,Easy,Star Wars™,Licensed
12-Jun,9.99,4,78,Fly in style with Krennic’s miniature Imperial Shuttle!,75163,Very Easy,Star Wars™,Licensed
12-Jun,9.99,11,91,Speed across distant planets in the micro First Order Snowspeeder™!,75126,Easy,Star Wars™,Licensed
16-Dec,149.99,20,1628,Break into Arkham Asylum with Batman™!,70912,Average,THE LEGO® BATMAN MOVIE,Licensed
16-Oct,139.99,18,1456,Divide the 4-in-1 Ultimate Batmobile and conquer the Super-Villains!,70917,Average,THE LEGO® BATMAN MOVIE,Licensed
14-Aug,99.99,23,1047,Protect the Batcave from The Penguin’s invasion!,70909,Average,THE LEGO® BATMAN MOVIE,Licensed
14-Sep,89.99,4,1053,Patrol the sky above Gotham City in The Batwing!,70916,Average,THE LEGO® BATMAN MOVIE,Licensed
14-Aug,79.99,9,643,Launch a space mission from the Batcave!,70923,Average,THE LEGO® BATMAN MOVIE,Licensed
14-Aug,59.99,20,581,Pursue Man-Bat™ and the Kabuki Twins™ in the Batmobile with three driving modes!,70905,Average,THE LEGO® BATMAN MOVIE,Licensed
14-Aug,49.99,19,433,Team up with Batgirl™ to stop The Joker’s Notorious Lowrider!,70906,Average,THE LEGO® BATMAN MOVIE,Licensed
14-Jul,49.99,5,425,Dodge Harley Quinn’s cannonball attacks!,70921,Average,THE LEGO® BATMAN MOVIE,Licensed
14-Aug,49.99,6,366,Protect Gotham City from Bane’s toxic attacks!,70914,Average,THE LEGO® BATMAN MOVIE,Licensed
14-Jul,29.99,5,267,Party on with Superman™ and friends!,70919,Easy,THE LEGO® BATMAN MOVIE,Licensed
14-Aug,29.99,24,305,Put the heat on The Penguin™ Arctic Roller with Batman™!,70911,Easy,THE LEGO® BATMAN MOVIE,Licensed
14-Jul,29.99,11,293,Join Batman™ in a comical food fight!,70920,Average,THE LEGO® BATMAN MOVIE,Licensed
14-Jul,29.99,18,254,Battle with Batman™ against The Riddler™ and his allies!,70903,Easy,THE LEGO® BATMAN MOVIE,Licensed
14-Jul,19.99,2,198,Bring down Captain Boomerang™ with Batman’s Bat-Dune Buggy!,70918,NA,THE LEGO® BATMAN MOVIE,Licensed
14-Jul,19.99,8,204,Help Batman™ to stop Scarecrow™ delivering a special scare pizza!,70910,Average,THE LEGO® BATMAN MOVIE,Licensed
14-Jul,19.99,19,201,Protect the power plant from Mr. Freeze’s ice attack!,70901,Easy,THE LEGO® BATMAN MOVIE,Licensed
12-Jun,14.99,7,141,Power into the sky to stop Scarecrow’s fear gas attacks!,70913,Easy,THE LEGO® BATMAN MOVIE,Licensed
12-Jun,14.99,18,124,Help Batman™ stop The Joker™ escaping!,70900,Easy,THE LEGO® BATMAN MOVIE,Licensed
7+,16.99,19,61,Display THE LEGO® BATMAN MOVIE minifigures!,853638,Very Easy,THE LEGO® BATMAN MOVIE,Licensed
5+,3.99,13,8,Discover new heroes and villains in LEGO® Minifigures—THE LEGO BATMAN MOVIE Series 2.,71020,Very Easy,Minifigures,Non-Licensed
14-Sep,79.99,15,775,Save the day with Batman™ and The Scuttler!,70908,Average,THE LEGO® BATMAN MOVIE,Licensed
14-Aug,69.99,10,460,Speed after Killer Croc’s Tail-Gator on Batman’s Batski!,70907,Easy,THE LEGO® BATMAN MOVIE,Licensed
14-Sep,59.99,6,564,Don’t get on the wrong side of the Two-Face™ Excavator!,70915,Average,THE LEGO® BATMAN MOVIE,Licensed
14-Aug,34.99,13,448,Duel against the mighty Clayface™ with Batman™!,70904,Average,THE LEGO® BATMAN MOVIE,Licensed
14-Jul,19.99,27,139,Stop Catwoman™ escaping with the diamonds!,70902,Easy,THE LEGO® BATMAN MOVIE,Licensed
10+,9.99,11,91,Celebrate THE LEGO® BATMAN MOVIE with a LEGO BrickHeadz Batman!,41585,Very Easy,BrickHeadz,Non-Licensed
10+,9.99,12,151,Show off the evil trickster with LEGO® BrickHeadz The Joker™!,41588,Easy,BrickHeadz,Non-Licensed
10+,9.99,10,101,Showcase the Boy Wonder with LEGO® BrickHeadz Robin™!,41587,Very Easy,BrickHeadz,Non-Licensed
10+,9.99,9,99,Channel Batgirl™ with your own LEGO® BrickHeadz version!,41586,Easy,BrickHeadz,Non-Licensed
14-Sep,159.99,52,2295,Join the ninja aboard Wu’s flying ship!,70618,Challenging,THE LEGO® NINJAGO® MOVIE™,Non-Licensed
14-Sep,99.99,15,1403,Evade the traps inside the Temple!,70617,Average,THE LEGO® NINJAGO® MOVIE™,Non-Licensed
14-Sep,89.99,11,1202,Turn sound into a weapon with Cole’s Quake Mech!,70632,Average,THE LEGO® NINJAGO® MOVIE™,Non-Licensed
14-Sep,79.99,9,830,Defend NINJAGO® City from Garmadon Shark Mech attack!,70656,Average,THE LEGO® NINJAGO® MOVIE™,Non-Licensed
14-Sep,79.99,6,914,Take on the shark army with Zane’s Ice Tank!,70616,Average,THE LEGO® NINJAGO® MOVIE™,Non-Licensed
14-Sep,69.99,19,944,Put the heat on the shark army with Kai’s Fire Mech!,70615,Average,THE LEGO® NINJAGO® MOVIE™,Non-Licensed
14-Aug,59.99,8,747,Defend NINJAGO® City against Garma Mecha Man!,70613,Average,THE LEGO® NINJAGO® MOVIE™,Non-Licensed
14-Sep,59.99,8,876,Speed to the rescue with Jay’s Lightning Jet!,70614,Average,THE LEGO® NINJAGO® MOVIE™,Non-Licensed
14-Aug,49.99,7,521,Get all fired up at Garmadon’s Volcano Lair!,70631,Average,THE LEGO® NINJAGO® MOVIE™,Non-Licensed
14-Aug,49.99,29,544,Take on Garmadon with the Green Ninja Mech Dragon!,70612,Average,THE LEGO® NINJAGO® MOVIE™,Non-Licensed
14-Aug,29.99,21,494,Smash the shark army out of the water with the Water Strider!,70611,Average,THE LEGO® NINJAGO® MOVIE™,Non-Licensed
14-Jul,29.99,10,312,Battle against evil Jungle Garmadon on the jungle bridge!,70608,Easy,THE LEGO® NINJAGO® MOVIE™,Non-Licensed
14-Jul,29.99,6,341,Protect NINJAGO® City from flying Manta Ray Bomber attack!,70609,Easy,THE LEGO® NINJAGO® MOVIE™,Non-Licensed
14-Aug,29.99,7,341,Take on the tentacular Flying Jelly Sub with Jay!,70610,Average,THE LEGO® NINJAGO® MOVIE™,Non-Licensed
14-Jul,19.99,8,217,Stop a Piranha Attack with Kai and Misako!,70629,Easy,THE LEGO® NINJAGO® MOVIE™,Non-Licensed
14-Jul,19.99,18,233,Stop a crime in the NINJAGO® City street market!,70607,Easy,THE LEGO® NINJAGO® MOVIE™,Non-Licensed
14-Jun,9.99,1,48,Achieve Spinjitzu greatness with the Green Ninja!,70628,Very Easy,THE LEGO® NINJAGO® MOVIE™,Non-Licensed
14-Jun,9.99,11,109,Practice your Spinjitzu skills with Kai and Zane!,70606,Easy,THE LEGO® NINJAGO® MOVIE™,Non-Licensed
10+,9.99,7,102,Unleash your true ninja spirit with LEGO® BrickHeadz Lloyd!,41487,Easy,BrickHeadz,Non-Licensed
10+,9.99,5,89,Learn the way of the ninja with LEGO® BrickHeadz Master Wu!,41488,Very Easy,BrickHeadz,Non-Licensed
5+,3.99,22,8,Bring the NINJAGO® world to life with LEGO® Minifigures!,71019,Very Easy,Minifigures,Non-Licensed
